{
  "id": 428,
  "name": "Porta Tijolinho - 0,80 x 2,10",
  "slug": "porta-tijolinho-080-x-210",
  "permalink": "https://demo.skeavee.com/portaly/produto/porta-tijolinho-080-x-210/",
  "date_created": "2020-03-25T23:57:26",
  "date_created_gmt": "2020-03-25T23:57:26",
  "date_modified": "2020-03-25T23:57:26",
  "date_modified_gmt": "2020-03-25T23:57:26",
  "type": "simple",
  "status": "publish",
  "featured": false,
  "catalog_visibility": "visible",
  "description": "",
  "short_description": "",
  "sku": "",
  "price": "630.00",
  "regular_price": "630.00",
  "sale_price": "",
  "date_on_sale_from": null,
  "date_on_sale_from_gmt": null,
  "date_on_sale_to": null,
  "date_on_sale_to_gmt": null,
  "price_html": "<span class='woocommerce-Price-amount amount'><span class='woocommerce-Price-currencySymbol'>&#82;&#36;</span>630,00</span>",
  "on_sale": false,
  "purchasable": true,
  "total_sales": 0,
  "virtual": false,
  "downloadable": false,
  "downloads": [],
  "download_limit": -1,
  "download_expiry": -1,
  "external_url": "",
  "button_text": "",
  "tax_status": "taxable",
  "tax_class": "",
  "manage_stock": true,
  "stock_quantity": 0,
  "stock_status": "outofstock",
  "backorders": "no",
  "backorders_allowed": false,
  "backordered": false,
  "sold_individually": false,
  "weight": "",
  "dimensions": { "length": "", "width": "", "height": "" },
  "shipping_required": true,
  "shipping_taxable": true,
  "shipping_class": "",
  "shipping_class_id": 0,
  "reviews_allowed": true,
  "average_rating": "0.00",
  "rating_count": 0,
  "related_ids": [134, 122, 115, 132, 116],
  "upsell_ids": [],
  "cross_sell_ids": [],
  "parent_id": 0,
  "purchase_note": "",
  "categories": [{}],
  "tags": [],
  "images": [],
  "attributes": [],
  "default_attributes": [],
  "variations": [],
  "grouped_products": [],
  "menu_order": 0,
  "meta_data": []
}
